accuracy,loss,val_accuracy,val_loss,learning_rate
0.1488095223903656,3.1523237228393555,0.19907407462596893,1.9454550743103027,0.0010000000474974513
0.2003968209028244,1.945148229598999,0.19907407462596893,1.9446390867233276,0.0010000000474974513
0.2003968209028244,1.9442758560180664,0.19907407462596893,1.9437451362609863,0.0010000000474974513
0.2003968209028244,1.9433588981628418,0.19907407462596893,1.9428496360778809,0.0010000000474974513
0.2003968209028244,1.942454218864441,0.19907407462596893,1.9419853687286377,0.0010000000474974513
0.2003968209028244,1.941588282585144,0.19907407462596893,1.941169023513794,0.0010000000474974513
0.2003968209028244,1.9407742023468018,0.19907407462596893,1.9404081106185913,0.0010000000474974513
