run,train_time_sec,best_val_acc,accuracy,uar,f1_macro,top2,top3,acc_ci95_lo,acc_ci95_hi,uar_ci95_lo,uar_ci95_hi,f1_ci95_lo,f1_ci95_hi,train_dataset,test_dataset
train_RAVDESS__test_RAVDESS,18.57667326927185,0.3478260934352875,0.33796296296296297,0.3034711879940429,0.19386835261858867,0.5370370370370371,0.6990740740740741,0.2777777777777778,0.4052083333333332,0.2623698499776086,0.34045386904761904,0.16205236154712485,0.22145662408726702,RAVDESS,RAVDESS
