accuracy,loss,val_accuracy,val_loss,learning_rate
0.19450844824314117,2.0944976806640625,0.17367950081825256,1.9201942682266235,0.0010000000474974513
0.27246543765068054,1.7828459739685059,0.3160250782966614,1.7401723861694336,0.0010000000474974513
0.2807219624519348,1.7479411363601685,0.3240823745727539,1.684220790863037,0.0010000000474974513
0.2795698940753937,1.7398308515548706,0.25425246357917786,1.7771918773651123,0.0010000000474974513
0.289170503616333,1.7194490432739258,0.3160250782966614,1.708795189857483,0.0010000000474974513
0.28686636686325073,1.7025710344314575,0.19695612788200378,1.9665868282318115,0.0010000000474974513
0.28360214829444885,1.6435364484786987,0.17367950081825256,1.9092127084732056,0.0005000000237487257
0.29205068945884705,1.6027491092681885,0.20143240690231323,2.099942207336426,0.0005000000237487257
0.2958909273147583,1.606247901916504,0.178155779838562,2.4406180381774902,0.0005000000237487257
