accuracy,loss,val_accuracy,val_loss,learning_rate
0.26132872700691223,1.9173274040222168,0.30528199672698975,1.6730281114578247,0.0010000000474974513
0.302611380815506,1.6300363540649414,0.2999104857444763,1.6543399095535278,0.0010000000474974513
0.3241167366504669,1.5845324993133545,0.37332138419151306,1.5201412439346313,0.0010000000474974513
0.33122119307518005,1.5615767240524292,0.18084153532981873,2.543285369873047,0.0010000000474974513
0.341781884431839,1.5494376420974731,0.17457474768161774,2.2381958961486816,0.0010000000474974513
0.34754225611686707,1.542549729347229,0.17367950081825256,2.119386672973633,0.0010000000474974513
0.3534946143627167,1.512056589126587,0.2497761845588684,1.839180827140808,0.0005000000237487257
0.3581029176712036,1.5038491487503052,0.3187108337879181,1.7382298707962036,0.0005000000237487257
0.3680875599384308,1.4921191930770874,0.3446732461452484,1.5646123886108398,0.0005000000237487257
